Barcode,Product id,Title,Brand,Category,Price (INR),Image_link
8901234567890,PRD-0001,Wireless Bluetooth Headphones,Sony,Electronics,6599,https://images.unsplash.com/photo-1505740420928-5e560c06d30e?w=400
8902345678901,PRD-0002,Running Shoes - Men's,Nike,Footwear,9199,https://images.unsplash.com/photo-1542291026-7eec264c27ff?w=400
8903456789012,PRD-0003,Stainless Steel Water Bottle 1L,Hydro Flask,Sports & Outdoors,3749,https://images.unsplash.com/photo-1602143407151-7111542de6e8?w=400
8904567890123,PRD-0004,Organic Green Tea (100 bags),Lipton,Grocery,1049,https://images.unsplash.com/photo-1556679343-c7306c1976bc?w=400
8905678901234,PRD-0005,Leather Wallet - Slim Bifold,Fossil,Accessories,3349,https://images.unsplash.com/photo-1627123424574-724758594785?w=400
8906789012345,PRD-0006,Yoga Mat - Non-Slip 6mm,Lululemon,Sports & Outdoors,5699,https://images.unsplash.com/photo-1601925228011-4dcce9c3edd7?w=400
8907890123456,PRD-0007,"4K Smart LED TV 55""",Samsung,Electronics,45999,https://images.unsplash.com/photo-1593359677879-a4bb92f4834c?w=400
8908901234567,PRD-0008,Moisturizing Face Cream SPF50,Neutrogena,Beauty & Personal Care,1575,https://images.unsplash.com/photo-1556228578-0d85b1a4d571?w=400
8909012345678,PRD-0009,Men's Classic Polo Shirt,Ralph Lauren,Clothing,7149,https://images.unsplash.com/photo-1581655353564-df123a1eb820?w=400
8900123456789,PRD-0010,Portable Espresso Maker,Nespresso,Kitchen,12499,https://images.unsplash.com/photo-1610889556528-9a770e32642f?w=400
8901357924686,PRD-0011,Wooden Cutting Board Large,OXO,Kitchen,2949,https://images.unsplash.com/photo-1585515320310-259814833e62?w=400
8902468013573,PRD-0012,Children's Backpack 20L,JanSport,Kids,3799,https://images.unsplash.com/photo-1553062407-98eeb64c6a62?w=400
8903579124684,PRD-0013,Vitamin C Supplement 1000mg,Nature Made,Health,1199,https://images.unsplash.com/photo-1584308666744-24d5c474f2ae?w=400
8904680235795,PRD-0014,Scented Soy Candle - Vanilla,Yankee Candle,Home & Décor,2349,https://images.unsplash.com/photo-1602178506374-38c9b5e3b432?w=400
8905791346806,PRD-0015,Adjustable Dumbbell Set 20kg,Bowflex,Sports & Outdoors,19199,https://images.unsplash.com/photo-1571019613454-1cb2f99b2d8b?w=400
8906802457917,PRD-0016,Wireless Charging Pad,Belkin,Electronics,2999,https://images.unsplash.com/photo-1591799264318-7e6ef8ddb7ea?w=400
8907913568028,PRD-0017,Women's Sunglasses - Oval,Ray-Ban,Accessories,12899,https://images.unsplash.com/photo-1572635196237-14b3f281503f?w=400
8908024679139,PRD-0018,Instant Oats - Original 1kg,Quaker,Grocery,585,https://images.unsplash.com/photo-1614961233913-a5113a4a34ed?w=400
8909135780240,PRD-0019,Mechanical Keyboard TKL,Logitech,Electronics,9999,https://images.unsplash.com/photo-1618384887929-16ec33fab9ef?w=400
8900246891351,PRD-0020,Cotton Bath Towel Set x4,Utopia Towels,Home & Décor,2749,https://images.unsplash.com/photo-1583845112203-29329902332e?w=400
8901111222331,PRD-0021,Anti-Dandruff Shampoo 400ml,Head & Shoulders,Beauty & Personal Care,799,https://images.unsplash.com/photo-1526947425960-945c6e72858f?w=400
8902222333442,PRD-0022,Hardcover Notebook A5,Moleskine,Stationery,1849,https://images.unsplash.com/photo-1531346878377-a5be20888e57?w=400
8903333444553,PRD-0023,Dog Dry Food - Adult 5kg,Royal Canin,Pet Supplies,4049,https://images.unsplash.com/photo-1589924691995-400dc9ecc119?w=400
8904444555664,PRD-0024,Electric Toothbrush Pro,Oral-B,Beauty & Personal Care,4999,https://images.unsplash.com/photo-1559591935-c9e83a57ef82?w=400
8905555666775,PRD-0025,Jigsaw Puzzle 1000 pieces,Ravensburger,Toys & Games,1699,https://images.unsplash.com/photo-1611996575749-79a3a250f948?w=400
8906666777886,PRD-0026,Stainless Steel Cookware Set 5pc,Cuisinart,Kitchen,15799,https://images.unsplash.com/photo-1584990347449-39b6baf0a9f4?w=400
8907777888997,PRD-0027,Men's Running Shorts,Adidas,Clothing,2949,https://images.unsplash.com/photo-1591195853828-11db59a44f43?w=400
8908888999008,PRD-0028,"Indoor Plant Pot Ceramic 6""",IKEA,Home & Décor,1249,https://images.unsplash.com/photo-1485955900006-10f4d324d411?w=400
8909999000119,PRD-0029,Protein Powder Chocolate 2kg,Optimum Nutrition,Health,5449,https://images.unsplash.com/photo-1593095948071-474c5cc2989d?w=400
8900000111220,PRD-0030,Wireless Gaming Mouse,Razer,Electronics,7549,https://images.unsplash.com/photo-1615663245857-ac93bb7c39e7?w=400
8901234512340,PRD-0031,Smart Watch Series 8,Apple,Electronics,32999,https://images.unsplash.com/photo-1546868871-7041f2a55e12?w=400
8902345623451,PRD-0032,Air Purifier HEPA 360,Dyson,Home Appliances,24999,https://images.unsplash.com/photo-1585771724684-38269d6639fd?w=400
8903456734562,PRD-0033,Women's Ethnic Kurti,Biba,Clothing,1299,https://images.unsplash.com/photo-1610030469983-98e550d6193c?w=400
8904567845673,PRD-0034,Basmati Rice Premium 5kg,India Gate,Grocery,749,https://images.unsplash.com/photo-1586201375761-83865001e31c?w=400
8905678956784,PRD-0035,Cold Pressed Coconut Oil 500ml,Parachute,Grocery,349,https://images.unsplash.com/photo-1474979266404-7eaacbcd87c5?w=400
8906789067895,PRD-0036,Ayurvedic Face Wash 100ml,Himalaya,Beauty & Personal Care,199,https://images.unsplash.com/photo-1556228720-195a672e8a03?w=400
8907890178906,PRD-0037,Pressure Cooker 5L,Hawkins,Kitchen,1999,https://images.unsplash.com/photo-1585515320310-259814833e62?w=400
8908901289017,PRD-0038,Mixer Grinder 750W,Preethi,Kitchen Appliances,3499,https://images.unsplash.com/photo-1556909114-f6e7ad7d3136?w=400
8909012390128,PRD-0039,Steel Lunch Box 3 Tier,Milton,Kitchen,699,https://images.unsplash.com/photo-1611143669185-af224c5e3252?w=400
8900123401239,PRD-0040,Turmeric Latte Mix 200g,Organic India,Health,449,https://images.unsplash.com/photo-1615485290382-441e4d049cb5?w=400
8901234512340,PRD-0041,Noise-Cancelling Earbuds,Boat,Electronics,2499,https://images.unsplash.com/photo-1590658268037-6bf12165a8df?w=400
8902345623451,PRD-0042,Denim Jacket - Women's,Levi's,Clothing,3999,https://images.unsplash.com/photo-1523205771623-e0faa4d2813d?w=400
8903456734562,PRD-0043,Sunscreen Lotion SPF 60,Lotus Herbals,Beauty & Personal Care,399,https://images.unsplash.com/photo-1556228453-efd6c1ff04f6?w=400
8904567845673,PRD-0044,Whey Protein Vanilla 1kg,MuscleBlaze,Health,2199,https://images.unsplash.com/photo-1593095948071-474c5cc2989d?w=400
8905678956784,PRD-0045,Badminton Racket Set,Yonex,Sports & Outdoors,1599,https://images.unsplash.com/photo-1626224583764-f87db24ac4ea?w=400
8906789067895,PRD-0046,Mosquito Repellent Refill Pack,Good Knight,Home Essentials,299,https://images.unsplash.com/photo-1558618666-fcd25c85cd64?w=400
8907890178906,PRD-0047,LED Desk Lamp USB Charging,Syska,Electronics,1299,https://images.unsplash.com/photo-1507473885765-e6ed057f782c?w=400
8908901289017,PRD-0048,Almond Oil 200ml Cold Pressed,Dabur,Beauty & Personal Care,299,https://images.unsplash.com/photo-1608181831718-c9fca9b7c86b?w=400
8909012390128,PRD-0049,Resistance Bands Set of 5,Boldfit,Sports & Outdoors,599,https://images.unsplash.com/photo-1598289431512-b97b0917affc?w=400
8900123401239,PRD-0050,"Wall Clock Wooden Round 12""",Ajanta,Home & Décor,849,https://images.unsplash.com/photo-1563861826100-9cb868fdbe1c?w=400
8901357924686,PRD-0051,Men's Formal Leather Shoes,Bata,Footwear,2499,https://images.unsplash.com/photo-1614252369475-531eba835eb1?w=400
8902468013580,PRD-0052,Nonstick Tawa 30cm,Prestige,Kitchen,899,https://images.unsplash.com/photo-1584990347449-39b6baf0a9f4?w=400
8903579124684,PRD-0053,UHD Webcam 1080p,Logitech,Electronics,3799,https://images.unsplash.com/photo-1587202372775-e229f172b9d7?w=400
8904680235795,PRD-0054,Chyawanprash 500g,Dabur,Health,249,https://images.unsplash.com/photo-1607619056574-7b8d3ee536b2?w=400
8905791346806,PRD-0055,Portable Bluetooth Speaker,JBL,Electronics,4999,https://images.unsplash.com/photo-1608043152269-423dbba4e7e1?w=400
8906802457917,PRD-0056,Women's Sports Bra,Jockey,Clothing,799,https://images.unsplash.com/photo-1571945153237-4929e783af4a?w=400
8907913568028,PRD-0057,Instant Noodles Pack of 12,Maggi,Grocery,199,https://images.unsplash.com/photo-1569718212165-3a8278d5f624?w=400
8908024679139,PRD-0058,Car Phone Holder Magnetic,Ambrane,Accessories,599,https://images.unsplash.com/photo-1583863788434-e58a36330cf0?w=400
8909135780240,PRD-0059,Natural Honey 500g,Patanjali,Grocery,299,https://images.unsplash.com/photo-1587049352846-4a222e784d38?w=400
8900246891351,PRD-0060,5-in-1 Grooming Kit,Philips,Beauty & Personal Care,2299,https://images.unsplash.com/photo-1598300042247-d088f8ab3a91?w=400
8901357902523,PRD-0061,Atomic Habits,James Clear,Books,499,https://images.unsplash.com/photo-1544947950-fa07a98d237f?w=400
89013579025300,PRD-0062,The Alchemist,Paulo Coelho,Books,299,https://images.unsplash.com/photo-1512820790803-83ca734da794?w=400
8901357902530,PRD-0063,Rich Dad Poor Dad,Robert Kiyosaki,Books,399,https://images.unsplash.com/photo-1495446815901-a7297e633e8d?w=400
8901357902530,PRD-0064,Zero to One,Peter Thiel,Books,549,https://images.unsplash.com/photo-1544947950-fa07a98d237f?w=400
8901357902530,PRD-0065,Sapiens,Yuval Noah Harari,Books,599,https://images.unsplash.com/photo-1512820790803-83ca734da794?w=400
8901357902530,PRD-0066,Deep Work,Cal Newport,Books,449,https://images.unsplash.com/photo-1495446815901-a7297e633e8d?w=400
8901357902530,PRD-0067,Think and Grow Rich,Napoleon Hill,Books,249,https://images.unsplash.com/photo-1544947950-fa07a98d237f?w=400
8901357902530,PRD-0068,The 4-Hour Workweek,Tim Ferriss,Books,499,https://images.unsplash.com/photo-1512820790803-83ca734da794?w=400
8901357902530,PRD-0069,Car Vacuum Cleaner 12V,Eureka Forbes,Automotive,1299,https://images.unsplash.com/photo-1493238792000-8113da705763?w=400
8901357902530,PRD-0070,Tyre Inflator Portable,Michelin,Automotive,2499,https://images.unsplash.com/photo-1486262715619-67b85e0b08d3?w=400
8901357902530,PRD-0071,Dash Cam Full HD 1080p,70mai,Automotive,3999,https://images.unsplash.com/photo-1558618666-fcd25c85cd64?w=400
8901357902547,PRD-0072,Car Wax Polish 300ml,3M,Automotive,899,https://images.unsplash.com/photo-1493238792000-8113da705763?w=400
8901357902547,PRD-0073,Steering Wheel Cover,AutoSun,Automotive,399,https://images.unsplash.com/photo-1486262715619-67b85e0b08d3?w=400
8901357902547,PRD-0074,Jump Starter 12000mAh,Duracell,Automotive,4999,https://images.unsplash.com/photo-1558618666-fcd25c85cd64?w=400
8901357902547,PRD-0075,Parking Sensor Kit 4pc,Nippon,Automotive,1799,https://images.unsplash.com/photo-1493238792000-8113da705763?w=400
8901357902547,PRD-0076,Car Air Freshener,Ambi Pur,Automotive,299,https://images.unsplash.com/photo-1486262715619-67b85e0b08d3?w=400
8901357902547,PRD-0077,Baby Diaper Pants M 56pc,Pampers,Baby & Maternity,999,https://images.unsplash.com/photo-1515488042361-ee00e0ddd4e4?w=400
8901357902547,PRD-0078,Infant Feeding Bottle 250ml,Philips Avent,Baby & Maternity,799,https://images.unsplash.com/photo-1556909114-f6e7ad7d3136?w=400
89013579025470,PRD-0079,Baby Carrier Ergonomic,LuvLap,Baby & Maternity,2499,https://images.unsplash.com/photo-1504439468489-c8920d796a29?w=400
8901357902547,PRD-0080,Baby Wipes 72 sheets,Mee Mee,Baby & Maternity,249,https://images.unsplash.com/photo-1515488042361-ee00e0ddd4e4?w=400
8901357902547,PRD-0081,Teether Silicone Set,Nuby,Baby & Maternity,399,https://images.unsplash.com/photo-1556909114-f6e7ad7d3136?w=400
8901357902554,PRD-0082,Baby Shampoo 400ml,Johnson's,Baby & Maternity,349,https://images.unsplash.com/photo-1504439468489-c8920d796a29?w=400
8901357902554,PRD-0083,Stroller Lightweight,Chicco,Baby & Maternity,8999,https://images.unsplash.com/photo-1515488042361-ee00e0ddd4e4?w=400
8901357902554,PRD-0084,Baby Monitor Wi-Fi,Motorola,Baby & Maternity,5499,https://images.unsplash.com/photo-1556909114-f6e7ad7d3136?w=400
8901357902554,PRD-0085,Ballpoint Pen Pack of 20,Reynolds,Office Supplies,199,https://images.unsplash.com/photo-1586281380349-632531db7ed4?w=400
89013579025540,PRD-0086,A4 Copier Paper 500 sheets,JK Copier,Office Supplies,599,https://images.unsplash.com/photo-1618424181497-157f25b6ddd5?w=400
8901357902554,PRD-0087,Sticky Notes 5 Colours,Post-it,Office Supplies,299,https://images.unsplash.com/photo-1497633762265-9d179a990aa6?w=400
8901357902554,PRD-0088,Stapler with 1000 pins,Kangaro,Office Supplies,349,https://images.unsplash.com/photo-1586281380349-632531db7ed4?w=400
8901357902554,PRD-0089,Mechanical Pencil Set 3pc,Staedtler,Office Supplies,449,https://images.unsplash.com/photo-1618424181497-157f25b6ddd5?w=400
8901357902554,PRD-0090,Desk Organiser Wooden,Classique,Office Supplies,799,https://images.unsplash.com/photo-1497633762265-9d179a990aa6?w=400
8901357902554,PRD-0091,Lamination Pouches A4 100pc,Bambalio,Office Supplies,499,https://images.unsplash.com/photo-1586281380349-632531db7ed4?w=400
8901357902561,PRD-0092,Whiteboard Markers 12pc,Camlin,Office Supplies,349,https://images.unsplash.com/photo-1618424181497-157f25b6ddd5?w=400
89013579025610,PRD-0093,Ergonomic Office Chair,Green Soul,Furniture,12999,https://images.unsplash.com/photo-1555041469-a586c61ea9bc?w=400
8901357902561,PRD-0094,Study Table with Shelf,Nilkamal,Furniture,5999,https://images.unsplash.com/photo-1567538096630-e0c55bd6374c?w=400
8901357902561,PRD-0095,Bookshelf 5-Tier,Durian,Furniture,8499,https://images.unsplash.com/photo-1524758631624-e2822e304c36?w=400
8901357902561,PRD-0096,Foldable Dining Table,Royal Oak,Furniture,7499,https://images.unsplash.com/photo-1555041469-a586c61ea9bc?w=400
8901357902561,PRD-0097,Bedside Table Wooden,Woodsworth,Furniture,3999,https://images.unsplash.com/photo-1567538096630-e0c55bd6374c?w=400
8901357902561,PRD-0098,Shoe Rack 3-Tier Metal,Parasnath,Furniture,1299,https://images.unsplash.com/photo-1524758631624-e2822e304c36?w=400
8901357902561,PRD-0099,Bean Bag XXXL,Couchette,Furniture,3499,https://images.unsplash.com/photo-1555041469-a586c61ea9bc?w=400
8901357902561,PRD-0100,Wall Mounted TV Unit,Wudmart,Furniture,9999,https://images.unsplash.com/photo-1567538096630-e0c55bd6374c?w=400
8901357902561,PRD-0101,Wireless Gaming Mouse,Logitech,Gaming,3499,https://images.unsplash.com/photo-1612287230202-1ff1d85d1bdf?w=400
8901357902578,PRD-0102,Mechanical Gaming Keyboard,HyperX,Gaming,6999,https://images.unsplash.com/photo-1578303512597-81e6cc155b3e?w=400
8901357902578,PRD-0103,Gaming Headset 7.1 Surround,SteelSeries,Gaming,5499,https://images.unsplash.com/photo-1593305841991-05c297ba4575?w=400
8901357902578,PRD-0104,Gaming Chair RGB,Green Soul,Gaming,14999,https://images.unsplash.com/photo-1612287230202-1ff1d85d1bdf?w=400
8901357902578,PRD-0105,PS5 DualSense Controller,Sony,Gaming,5999,https://images.unsplash.com/photo-1578303512597-81e6cc155b3e?w=400
8901357902578,PRD-0106,Nintendo Switch Carrying Case,Orzly,Gaming,1299,https://images.unsplash.com/photo-1593305841991-05c297ba4575?w=400
8901357902578,PRD-0107,Gaming Mouse Pad XL,Corsair,Gaming,1999,https://images.unsplash.com/photo-1612287230202-1ff1d85d1bdf?w=400
8901357902578,PRD-0108,Capture Card HD USB,Elgato,Gaming,9999,https://images.unsplash.com/photo-1578303512597-81e6cc155b3e?w=400
8901357902578,PRD-0109,Acoustic Guitar 41 inch,Kadence,Musical Instruments,4999,https://images.unsplash.com/photo-1510915361894-db8b60106cb1?w=400
89013579025780,PRD-0110,Digital Piano 61 Keys,Casio,Musical Instruments,12999,https://images.unsplash.com/photo-1516110833967-0b5716ca1387?w=400
8901357902578,PRD-0111,Tabla Set Beginner,Maharaja Musicals,Musical Instruments,3499,https://images.unsplash.com/photo-1543443258-92b04ad5ec6b?w=400
8901357902585,PRD-0112,Ukulele Soprano 21 inch,Juârez,Musical Instruments,1999,https://images.unsplash.com/photo-1510915361894-db8b60106cb1?w=400
8901357902585,PRD-0113,Harmonium Folding,Bina,Musical Instruments,7499,https://images.unsplash.com/photo-1516110833967-0b5716ca1387?w=400
8901357902585,PRD-0114,Cajon Box Drum,Meinl,Musical Instruments,6999,https://images.unsplash.com/photo-1543443258-92b04ad5ec6b?w=400
8901357902585,PRD-0115,Violin 4/4 Size,Stentor,Musical Instruments,8999,https://images.unsplash.com/photo-1510915361894-db8b60106cb1?w=400
8901357902585,PRD-0116,Djembe Hand Drum 10 inch,Remo,Musical Instruments,4499,https://images.unsplash.com/photo-1516110833967-0b5716ca1387?w=400
89013579025850,PRD-0117,Smartwatch with SpO2,boAt,Watches,2999,https://images.unsplash.com/photo-1523275335684-37898b6baf30?w=400
8901357902585,PRD-0118,Analog Watch Leather Strap,Titan,Watches,4999,https://images.unsplash.com/photo-1594534475808-b18fc33b045e?w=400
8901357902585,PRD-0119,Digital Sports Watch,Casio,Watches,2499,https://images.unsplash.com/photo-1509048191080-d2984bad6ae5?w=400
8901357902585,PRD-0120,Luxury Dress Watch,Fossil,Watches,12999,https://images.unsplash.com/photo-1523275335684-37898b6baf30?w=400
8901357902585,PRD-0121,Fitness Band 24x7 HR,Fastrack,Watches,1999,https://images.unsplash.com/photo-1594534475808-b18fc33b045e?w=400
8901357902592,PRD-0122,Couple Watch Set,Timex,Watches,5999,https://images.unsplash.com/photo-1509048191080-d2984bad6ae5?w=400
8901357902592,PRD-0123,Chronograph Watch,Seiko,Watches,18999,https://images.unsplash.com/photo-1523275335684-37898b6baf30?w=400
89013579025920,PRD-0124,Kids Smart Watch GPS,Pebble,Watches,3499,https://images.unsplash.com/photo-1594534475808-b18fc33b045e?w=400
8901357902592,PRD-0125,Trolley Bag 24 inch Hardshell,Safari,Luggage & Bags,4999,https://images.unsplash.com/photo-1553062407-98eeb64c6a62?w=400
8901357902592,PRD-0126,Laptop Backpack 15.6 inch,Wildcraft,Luggage & Bags,2499,https://images.unsplash.com/photo-1548036328-c9fa89d128fa?w=400
8901357902592,PRD-0127,Travel Duffel Bag 60L,American Tourister,Luggage & Bags,3499,https://images.unsplash.com/photo-1547949003-9792a18a2601?w=400
8901357902592,PRD-0128,Tote Bag Canvas,Lino Perros,Luggage & Bags,1299,https://images.unsplash.com/photo-1553062407-98eeb64c6a62?w=400
8901357902592,PRD-0129,Waist Pouch Travel,Skybags,Luggage & Bags,699,https://images.unsplash.com/photo-1548036328-c9fa89d128fa?w=400
8901357902592,PRD-0130,School Bag Ergonomic,VIP,Luggage & Bags,1999,https://images.unsplash.com/photo-1547949003-9792a18a2601?w=400
8901357902592,PRD-0131,Clutch Evening Bag,Hidesign,Luggage & Bags,2999,https://images.unsplash.com/photo-1553062407-98eeb64c6a62?w=400
8901357902608,PRD-0132,Cabin Trolley 20 inch,Aristocrat,Luggage & Bags,3999,https://images.unsplash.com/photo-1548036328-c9fa89d128fa?w=400
8901357902608,PRD-0133,Garden Hose 15m,Gardena,Garden & Outdoors,1499,https://images.unsplash.com/photo-1416879595882-3373a0480b5b?w=400
8901357902608,PRD-0134,Plant Pots Set of 5 Ceramic,Ugaoo,Garden & Outdoors,999,https://images.unsplash.com/photo-1585320806297-9794b3e4eeae?w=400
8901357902608,PRD-0135,Pruning Shears Stainless,Stanley,Garden & Outdoors,799,https://images.unsplash.com/photo-1599598425947-5202edd56fda?w=400
8901357902608,PRD-0136,Outdoor Solar Lights 6pc,Urpower,Garden & Outdoors,1299,https://images.unsplash.com/photo-1416879595882-3373a0480b5b?w=400
8901357902608,PRD-0137,Garden Gloves Waterproof,Scotts,Garden & Outdoors,399,https://images.unsplash.com/photo-1585320806297-9794b3e4eeae?w=400
8901357902608,PRD-0138,Seed Starter Kit 50 Trays,Kraft Seeds,Garden & Outdoors,599,https://images.unsplash.com/photo-1599598425947-5202edd56fda?w=400
8901357902608,PRD-0139,Compost Bin 220L,Maze,Garden & Outdoors,3999,https://images.unsplash.com/photo-1416879595882-3373a0480b5b?w=400
89013579026080,PRD-0140,Drip Irrigation Kit 30 plants,Rain Bird,Garden & Outdoors,1999,https://images.unsplash.com/photo-1585320806297-9794b3e4eeae?w=400
8901357902608,PRD-0141,LED Bulb 9W Pack of 6,Philips,Lighting,599,https://images.unsplash.com/photo-1565814329452-e1efa11c5b89?w=400
8901357902615,PRD-0142,Smart Bulb Wi-Fi RGB,Syska,Lighting,899,https://images.unsplash.com/photo-1513506003901-1e6a35818a44?w=400
8901357902615,PRD-0143,Ceiling Fan with LED Light,Orient,Lighting,4499,https://images.unsplash.com/photo-1524484485831-a92ffc0de03f?w=400
8901357902615,PRD-0144,Night Lamp USB Rechargeable,Ikea,Lighting,499,https://images.unsplash.com/photo-1565814329452-e1efa11c5b89?w=400
8901357902615,PRD-0145,Desk Lamp LED Dimmable,BenQ,Lighting,3999,https://images.unsplash.com/photo-1513506003901-1e6a35818a44?w=400
8901357902615,PRD-0146,String Lights 10m 100 LEDs,Decorative,Lighting,499,https://images.unsplash.com/photo-1524484485831-a92ffc0de03f?w=400
89013579026150,PRD-0147,Flood Light 30W Outdoor,Havells,Lighting,1499,https://images.unsplash.com/photo-1565814329452-e1efa11c5b89?w=400
8901357902615,PRD-0148,Emergency Light 4hr Backup,Eveready,Lighting,799,https://images.unsplash.com/photo-1513506003901-1e6a35818a44?w=400
8901357902615,PRD-0149,Vacuum Cleaner 1400W,Dyson,Cleaning & Household,24999,https://images.unsplash.com/photo-1563453392212-326f5e854473?w=400
8901357902615,PRD-0150,Mop with Spin Bucket,Scotch-Brite,Cleaning & Household,1299,https://images.unsplash.com/photo-1585421514738-01798e348b17?w=400
8901357902615,PRD-0151,Dishwash Liquid 5L,Vim,Cleaning & Household,599,https://images.unsplash.com/photo-1583947215259-38e31be8751f?w=400
8901357902622,PRD-0152,Mosquito Repellent Machine,Good Knight,Cleaning & Household,299,https://images.unsplash.com/photo-1563453392212-326f5e854473?w=400
8901357902622,PRD-0153,Floor Cleaner 2L,Lizol,Cleaning & Household,349,https://images.unsplash.com/photo-1585421514738-01798e348b17?w=400
89013579026220,PRD-0154,Toilet Cleaner 500ml,Harpic,Cleaning & Household,189,https://images.unsplash.com/photo-1583947215259-38e31be8751f?w=400
8901357902622,PRD-0155,Garbage Bags 120pc,Compostable,Cleaning & Household,499,https://images.unsplash.com/photo-1563453392212-326f5e854473?w=400
8901357902622,PRD-0156,Microfibre Cloth Pack 10,3M,Cleaning & Household,699,https://images.unsplash.com/photo-1585421514738-01798e348b17?w=400
8902468013733,PRD-0157,Ashwagandha Capsules 60pc,Himalaya,Ayurveda & Wellness,499,https://images.unsplash.com/photo-1512621776951-a57141f2eefd?w=400
8902468013733,PRD-0158,Triphala Churna 100g,Patanjali,Ayurveda & Wellness,149,https://images.unsplash.com/photo-1556742049-0cfed4f6a45d?w=400
8902468013733,PRD-0159,Chyawanprash 500g,Dabur,Ayurveda & Wellness,349,https://images.unsplash.com/photo-1512621776951-a57141f2eefd?w=400
8902468013733,PRD-0160,Neem Face Wash 100ml,Biotique,Ayurveda & Wellness,199,https://images.unsplash.com/photo-1556909114-f6e7ad7d3136?w=400
8902468013740,PRD-0161,Turmeric Latte Mix 200g,Organic India,Ayurveda & Wellness,299,https://images.unsplash.com/photo-1544367567-0f2fcb009e0b?w=400
8902468013740,PRD-0162,Giloy Tablets 60pc,Baidyanath,Ayurveda & Wellness,299,https://images.unsplash.com/photo-1512621776951-a57141f2eefd?w=400
8902468013740,PRD-0163,Brahmi Hair Oil 200ml,Kesh King,Ayurveda & Wellness,249,https://images.unsplash.com/photo-1527799820374-dcf8d9d4a388?w=400
8902468013740,PRD-0164,Moringa Powder 250g,24 Mantra,Ayurveda & Wellness,399,https://images.unsplash.com/photo-1490645935967-10de6ba17061?w=400
8902468013740,PRD-0165,Shilajit Resin 20g,Upakarma,Ayurveda & Wellness,999,https://images.unsplash.com/photo-1512621776951-a57141f2eefd?w=400
8902468013740,PRD-0166,Ayurvedic Immunity Kadha 500ml,Jiva,Ayurveda & Wellness,249,https://images.unsplash.com/photo-1544367567-0f2fcb009e0b?w=400
8902468013740,PRD-0167,Cold Brew Coffee 250ml,Blue Tokai,Beverages,199,https://images.unsplash.com/photo-1461023058943-07fcbe16d735?w=400
8902468013740,PRD-0168,Green Tea Matcha 100g,Vahdam,Beverages,699,https://images.unsplash.com/photo-1556679343-c7306c1976bc?w=400
8902468013740,PRD-0169,Protein Shake Chocolate 1kg,MuscleBlaze,Beverages,1999,https://images.unsplash.com/photo-1593095948071-474c5cc2989d?w=400
8902468013740,PRD-0170,Coconut Water Tetra 200ml 6pk,Raw Pressery,Beverages,299,https://images.unsplash.com/photo-1536304447766-da0ed4ce1b73?w=400
8902468013757,PRD-0171,Kombucha Ginger Lemon 330ml,Bbrew Lab,Beverages,199,https://images.unsplash.com/photo-1600271886742-f049cd451bba?w=400
8902468013757,PRD-0172,Mango Iced Tea 1L,Lipton,Beverages,99,https://images.unsplash.com/photo-1556679343-c7306c1976bc?w=400
8902468013757,PRD-0173,Black Coffee Instant 200g,Bru,Beverages,349,https://images.unsplash.com/photo-1461023058943-07fcbe16d735?w=400
8902468013757,PRD-0174,Sparkling Water Flavoured 6pk,Aha,Beverages,299,https://images.unsplash.com/photo-1536304447766-da0ed4ce1b73?w=400
8902468013757,PRD-0175,Wheatgrass Juice 500ml,Organic India,Beverages,349,https://images.unsplash.com/photo-1544367567-0f2fcb009e0b?w=400
8902468013757,PRD-0176,Almond Milk Unsweetened 1L,So Good,Beverages,299,https://images.unsplash.com/photo-1600271886742-f049cd451bba?w=400
8902468013757,PRD-0177,Mirrorless Camera Body APS-C,Fujifilm,Cameras & Photography,74999,https://images.unsplash.com/photo-1502920917128-1aa500764cbd?w=400
8902468013757,PRD-0178,Camera Tripod 60 inch,Photron,Cameras & Photography,999,https://images.unsplash.com/photo-1542038784456-1ea8e935640e?w=400
8902468013757,PRD-0179,Lens 50mm f/1.8,Canon,Cameras & Photography,14999,https://images.unsplash.com/photo-1516724562728-afc824a36e84?w=400
8902468013757,PRD-0180,Camera Bag Waterproof,Lowepro,Cameras & Photography,2999,https://images.unsplash.com/photo-1547949003-9792a18a2601?w=400
8902468013764,PRD-0181,ND Filter Set 67mm,Hoya,Cameras & Photography,1499,https://images.unsplash.com/photo-1542038784456-1ea8e935640e?w=400
8902468013764,PRD-0182,Action Camera 4K,GoPro,Cameras & Photography,35999,https://images.unsplash.com/photo-1502920917128-1aa500764cbd?w=400
8902468013764,PRD-0183,Ring Light 18 inch,Godox,Cameras & Photography,4999,https://images.unsplash.com/photo-1516724562728-afc824a36e84?w=400
8902468013764,PRD-0184,Memory Card 256GB V30,SanDisk,Cameras & Photography,2499,https://images.unsplash.com/photo-1542038784456-1ea8e935640e?w=400
8902468013764,PRD-0185,Photo Printer Pocket,Canon Selphy,Cameras & Photography,12999,https://images.unsplash.com/photo-1502920917128-1aa500764cbd?w=400
8902468013764,PRD-0186,Camera Cleaning Kit,JJC,Cameras & Photography,599,https://images.unsplash.com/photo-1542038784456-1ea8e935640e?w=400
8902468013764,PRD-0187,Hybrid Bicycle 21 Speed,Firefox,Cycling,18999,https://images.unsplash.com/photo-1485965120184-e220f721d03e?w=400
8902468013764,PRD-0188,Cycle Helmet Adult,Vega,Cycling,1299,https://images.unsplash.com/photo-1571188654248-7a89213915f7?w=400
8902468013764,PRD-0189,Cycling Gloves Padded,Decathlon,Cycling,699,https://images.unsplash.com/photo-1571188654248-7a89213915f7?w=400
8902468013764,PRD-0190,Bike Lock Heavy Duty,Kryptonite,Cycling,1999,https://images.unsplash.com/photo-1485965120184-e220f721d03e?w=400
8902468013771,PRD-0191,Cycle LED Light Front+Rear,Cateye,Cycling,1499,https://images.unsplash.com/photo-1485965120184-e220f721d03e?w=400
8902468013771,PRD-0192,Cycling Jersey Dry-Fit L,Decathlon,Cycling,999,https://images.unsplash.com/photo-1571188654248-7a89213915f7?w=400
8902468013771,PRD-0193,Tyre Puncture Repair Kit,Slime,Cycling,399,https://images.unsplash.com/photo-1485965120184-e220f721d03e?w=400
8902468013771,PRD-0194,Cycling Computer GPS,Garmin,Cycling,9999,https://images.unsplash.com/photo-1485965120184-e220f721d03e?w=400
8902468013771,PRD-0195,Bike Stand Rear Wheel,Lifeline,Cycling,899,https://images.unsplash.com/photo-1571188654248-7a89213915f7?w=400
8902468013771,PRD-0196,Water Bottle Cage Alloy,Elite,Cycling,499,https://images.unsplash.com/photo-1485965120184-e220f721d03e?w=400
8902468013771,PRD-0197,Aviator Sunglasses UV400,Ray-Ban,Fashion Accessories,6999,https://images.unsplash.com/photo-1511499767150-a48a237f0083?w=400
8902468013771,PRD-0198,Leather Wallet RFID Block,Hidesign,Fashion Accessories,1999,https://images.unsplash.com/photo-1627123424574-724758594913?w=400
8902468013771,PRD-0199,Silk Scarf 90×90cm,Hermes (Rep.),Fashion Accessories,1499,https://images.unsplash.com/photo-1601924994987-69e26d50dc26?w=400
8902468013771,PRD-0200,Sterling Silver Bracelet,Tanishq,Fashion Accessories,2499,https://images.unsplash.com/photo-1535632066927-ab7c9ab60908?w=400
8902468013788,PRD-0201,Beaded Necklace Set,Zaveri Pearls,Fashion Accessories,799,https://images.unsplash.com/photo-1601924994987-69e26d50dc26?w=400
8902468013788,PRD-0202,Tie & Pocket Square Set,Van Heusen,Fashion Accessories,1299,https://images.unsplash.com/photo-1620012253295-c15cc3e65df4?w=400
8902468013788,PRD-0203,Hair Accessories Kit 24pc,Goody,Fashion Accessories,599,https://images.unsplash.com/photo-1527799820374-dcf8d9d4a388?w=400
8902468013788,PRD-0204,Cufflinks Stainless Steel,Tateossian,Fashion Accessories,1799,https://images.unsplash.com/photo-1620012253295-c15cc3e65df4?w=400
8902468013788,PRD-0205,Anklet Gold Plated,Zeneme,Fashion Accessories,399,https://images.unsplash.com/photo-1535632066927-ab7c9ab60908?w=400
8902468013788,PRD-0206,Cap Baseball Adjustable,New Era,Fashion Accessories,1499,https://images.unsplash.com/photo-1588850561407-ed78c282e89b?w=400
8902468013788,PRD-0207,Resistance Bands Set 5pc,Boldfit,Fitness Equipment,699,https://images.unsplash.com/photo-1517836357463-d25dfeac3438?w=400
8902468013788,PRD-0208,Yoga Mat 6mm Non-slip,Manduka,Fitness Equipment,2999,https://images.unsplash.com/photo-1599058917765-a780eda07a3e?w=400
8902468013788,PRD-0209,Adjustable Dumbbell 20kg,Kore,Fitness Equipment,3999,https://images.unsplash.com/photo-1534438327276-14e5300c3a48?w=400
8902468013788,PRD-0210,Pull-up Bar Doorframe,SportSun,Fitness Equipment,1299,https://images.unsplash.com/photo-1517836357463-d25dfeac3438?w=400
8902468013795,PRD-0211,Jump Rope Speed Cable,RXpursuit,Fitness Equipment,599,https://images.unsplash.com/photo-1517836357463-d25dfeac3438?w=400
8902468013795,PRD-0212,Foam Roller 90cm,TriggerPoint,Fitness Equipment,2499,https://images.unsplash.com/photo-1599058917765-a780eda07a3e?w=400
8902468013795,PRD-0213,Ab Roller Wheel,Vinsguir,Fitness Equipment,799,https://images.unsplash.com/photo-1534438327276-14e5300c3a48?w=400
8902468013795,PRD-0214,Treadmill Foldable 3HP,PowerMax,Fitness Equipment,29999,https://images.unsplash.com/photo-1517836357463-d25dfeac3438?w=400
8902468013795,PRD-0215,Kettlebell 16kg Cast Iron,Decathlon,Fitness Equipment,2499,https://images.unsplash.com/photo-1534438327276-14e5300c3a48?w=400
8902468013795,PRD-0216,Gym Bag with Wet Pouch,Wildcraft,Fitness Equipment,1499,https://images.unsplash.com/photo-1547949003-9792a18a2601?w=400
8902468013795,PRD-0217,Smart Plug Wi-Fi 16A,Syska,Smart Home,999,https://images.unsplash.com/photo-1558002038-1055e2dae1d7?w=400
8902468013795,PRD-0218,Smart Door Lock Fingerprint,Godrej,Smart Home,12999,https://images.unsplash.com/photo-1558002038-1055e2dae1d7?w=400
8902468013795,PRD-0219,Wi-Fi Smart Switch 2-gang,Wipro,Smart Home,1499,https://images.unsplash.com/photo-1558002038-1055e2dae1d7?w=400
8902468013795,PRD-0220,Robot Vacuum Cleaner,iRobot,Smart Home,34999,https://images.unsplash.com/photo-1558618666-fcd25c85cd64?w=400
8902468013801,PRD-0221,Smart Thermostat Wi-Fi,Honeywell,Smart Home,8999,https://images.unsplash.com/photo-1558002038-1055e2dae1d7?w=400
8902468013801,PRD-0222,Video Doorbell HD,Ring,Smart Home,7999,https://images.unsplash.com/photo-1558618666-fcd25c85cd64?w=400
8902468013801,PRD-0223,Smart LED Strip 5m RGB,Philips Hue,Smart Home,2999,https://images.unsplash.com/photo-1565814329452-e1efa11c5b89?w=400
8902468013801,PRD-0224,Smart Air Purifier PM2.5,Mi,Smart Home,12999,https://images.unsplash.com/photo-1558618666-fcd25c85cd64?w=400
8902468013801,PRD-0225,Smart Irrigation Controller,Rain Bird,Smart Home,6999,https://images.unsplash.com/photo-1558002038-1055e2dae1d7?w=400
8902468013801,PRD-0226,Smart Scale BMI Wi-Fi,Withings,Smart Home,5999,https://images.unsplash.com/photo-1558618666-fcd25c85cd64?w=400
8902468013801,PRD-0227,Vitamin C Serum 30ml,Minimalist,Skincare,599,https://images.unsplash.com/photo-1556909114-f6e7ad7d3136?w=400
8902468013801,PRD-0228,Sunscreen SPF 50+ 100g,Neutrogena,Skincare,699,https://images.unsplash.com/photo-1556909114-f6e7ad7d3136?w=400
8902468013801,PRD-0229,Niacinamide 10% Serum,The Ordinary,Skincare,599,https://images.unsplash.com/photo-1522335789203-aabd1fc54bc9?w=400
8902468013801,PRD-0230,Hyaluronic Acid Moisturiser,Cetaphil,Skincare,899,https://images.unsplash.com/photo-1556909114-f6e7ad7d3136?w=400
8902468013818,PRD-0231,Retinol Night Cream 50ml,Olay,Skincare,1299,https://images.unsplash.com/photo-1522335789203-aabd1fc54bc9?w=400
8902468013818,PRD-0232,Face Wash Salicylic Acid,Plum,Skincare,349,https://images.unsplash.com/photo-1556909114-f6e7ad7d3136?w=400
8902468013818,PRD-0233,Eye Cream 15ml,Kiehl's,Skincare,2999,https://images.unsplash.com/photo-1522335789203-aabd1fc54bc9?w=400
8902468013818,PRD-0234,Sheet Mask Pack of 10,WOW,Skincare,499,https://images.unsplash.com/photo-1556909114-f6e7ad7d3136?w=400
8902468013818,PRD-0235,Toner Rose Water 200ml,Forest Essentials,Skincare,699,https://images.unsplash.com/photo-1522335789203-aabd1fc54bc9?w=400
8902468013818,PRD-0236,SPF Lip Balm Pack of 3,Carmex,Skincare,299,https://images.unsplash.com/photo-1556909114-f6e7ad7d3136?w=400
8902468013818,PRD-0237,Trekking Pole Foldable Pair,Black Diamond,Travel & Outdoor,4999,https://images.unsplash.com/photo-1551632811-561732d1e306?w=400
8902468013818,PRD-0238,Sleeping Bag -5°C Rating,Quechua,Travel & Outdoor,3499,https://images.unsplash.com/photo-1551632811-561732d1e306?w=400
8902468013818,PRD-0239,Travel Pillow Memory Foam,Trtl,Travel & Outdoor,1499,https://images.unsplash.com/photo-1553062407-98eeb64c6a62?w=400
8902468013818,PRD-0240,Waterproof Rain Poncho,Wildcraft,Travel & Outdoor,699,https://images.unsplash.com/photo-1551632811-561732d1e306?w=400
8902468013825,PRD-0241,Portable Water Filter,LifeStraw,Travel & Outdoor,1999,https://images.unsplash.com/photo-1551632811-561732d1e306?w=400
8902468013825,PRD-0242,Travel Adapter Universal,Skross,Travel & Outdoor,1299,https://images.unsplash.com/photo-1553062407-98eeb64c6a62?w=400
8902468013825,PRD-0243,Trekking Shoes Waterproof,Quechua,Travel & Outdoor,3999,https://images.unsplash.com/photo-1551632811-561732d1e306?w=400
8902468013825,PRD-0244,Dry Bag 20L Waterproof,Sea to Summit,Travel & Outdoor,2499,https://images.unsplash.com/photo-1553062407-98eeb64c6a62?w=400
8902468013825,PRD-0245,Headlamp 300 Lumens,Petzl,Travel & Outdoor,2999,https://images.unsplash.com/photo-1551632811-561732d1e306?w=400
8902468013825,PRD-0246,Camping Cookset 9pc,GSI Outdoors,Travel & Outdoor,2999,https://images.unsplash.com/photo-1551632811-561732d1e306?w=400
8902468013825,PRD-0247,Dark Chocolate 85% 100g,Lindt,Food & Snacks,299,https://images.unsplash.com/photo-1548907040-4baa42d10919?w=400
8902468013825,PRD-0248,Mixed Nuts 500g,Happilo,Food & Snacks,899,https://images.unsplash.com/photo-1548369937-47519962c11a?w=400
8902468013825,PRD-0249,Instant Oats 1kg,Quaker,Food & Snacks,399,https://images.unsplash.com/photo-1571748982800-fa51082c2224?w=400
8902468013825,PRD-0250,Peanut Butter Crunchy 1kg,MyFitness,Food & Snacks,699,https://images.unsplash.com/photo-1558818498-28c1e002b655?w=400
8902468013832,PRD-0251,Protein Bars Pack of 12,RiteBite,Food & Snacks,999,https://images.unsplash.com/photo-1593095948071-474c5cc2989d?w=400
8902468013832,PRD-0252,Ghee Pure A2 1L,Amul,Food & Snacks,1299,https://images.unsplash.com/photo-1556040220-4096d522378d?w=400
8902468013832,PRD-0253,Makhana Fox Nuts 200g,True Elements,Food & Snacks,499,https://images.unsplash.com/photo-1548369937-47519962c11a?w=400
8902468013832,PRD-0254,Apple Cider Vinegar 500ml,Bragg,Food & Snacks,599,https://images.unsplash.com/photo-1571748982800-fa51082c2224?w=400
8902468013832,PRD-0255,Trail Mix Energy Bars 6pk,Yoga Bar,Food & Snacks,599,https://images.unsplash.com/photo-1548907040-4baa42d10919?w=400
8902468013832,PRD-0256,Coconut Oil Cold Press 500ml,KLF Nirmal,Food & Snacks,499,https://images.unsplash.com/photo-1556040220-4096d522378d?w=400
8902468013832,PRD-0257,Dog Food Adult 3kg,Pedigree,Pet Supplies,999,https://images.unsplash.com/photo-1587300003388-59208cc962cb?w=400
8902468013832,PRD-0258,Cat Litter Clumping 5kg,Fresh Step,Pet Supplies,899,https://images.unsplash.com/photo-1587300003388-59208cc962cb?w=400
8902468013832,PRD-0259,Pet Shampoo Tick Control,Beaphar,Pet Supplies,499,https://images.unsplash.com/photo-1587300003388-59208cc962cb?w=400
8902468013832,PRD-0260,Dog Chew Bone Large,Nylabone,Pet Supplies,349,https://images.unsplash.com/photo-1587300003388-59208cc962cb?w=400
8902468013849,PRD-0261,Cat Scratcher Cardboard,SmartyKat,Pet Supplies,599,https://images.unsplash.com/photo-1587300003388-59208cc962cb?w=400
8902468013849,PRD-0262,LEGO Classic Bricks 484pc,LEGO,Toys & Games,3499,https://images.unsplash.com/photo-1558060370-d644479cb6f7?w=400
8902468013849,PRD-0263,Board Game Monopoly India,Hasbro,Toys & Games,1499,https://images.unsplash.com/photo-1585504198199-20277593b31f?w=400
8902468013849,PRD-0264,Remote Control Car 1:16,Webby,Toys & Games,1299,https://images.unsplash.com/photo-1558060370-d644479cb6f7?w=400
8902468013849,PRD-0265,Rubik's Cube 3×3,Rubik's,Toys & Games,499,https://images.unsplash.com/photo-1585504198199-20277593b31f?w=400
8902468013849,PRD-0266,Nerf Blaster N-Strike,Nerf,Toys & Games,1999,https://images.unsplash.com/photo-1558060370-d644479cb6f7?w=400
8902468013849,PRD-0267,Fountain Pen Ink Cartridges 6pk,Parker,Stationery,299,https://images.unsplash.com/photo-1586281380349-632531db7ed4?w=400
8902468013849,PRD-0268,Notebook Hardcover A5,Leuchtturm1917,Stationery,999,https://images.unsplash.com/photo-1497633762265-9d179a990aa6?w=400
8902468013849,PRD-0269,Washi Tape Set 20 rolls,MT Tape,Stationery,699,https://images.unsplash.com/photo-1586281380349-632531db7ed4?w=400
8902468013849,PRD-0270,Brush Pen Set 12 colours,Pentel,Stationery,899,https://images.unsplash.com/photo-1618424181497-157f25b6ddd5?w=400
8902468013856,PRD-0271,Planner 2026 Weekly,Panda Planner,Stationery,799,https://images.unsplash.com/photo-1497633762265-9d179a990aa6?w=400
8902468013856,PRD-0272,Educational Tablet Android,LeapFrog,Kids,6999,https://images.unsplash.com/photo-1515488042361-ee00e0ddd4e4?w=400
8902468013856,PRD-0273,Kids Cycle 16 inch,Hero,Kids,4999,https://images.unsplash.com/photo-1485965120184-e220f721d03e?w=400
8902468013856,PRD-0274,Colouring Book + 24 Crayons,Faber-Castell,Kids,399,https://images.unsplash.com/photo-1558060370-d644479cb6f7?w=400
8902468013856,PRD-0275,Magnetic Drawing Board,Boogie Board,Kids,1299,https://images.unsplash.com/photo-1515488042361-ee00e0ddd4e4?w=400
8902468013856,PRD-0276,Kids Raincoat with Hood,Wildcraft,Kids,999,https://images.unsplash.com/photo-1515488042361-ee00e0ddd4e4?w=400
8902468013856,PRD-0277,Wireless Earbuds ANC,OnePlus,Mobile Accessories,4999,https://images.unsplash.com/photo-1590658268037-6bf12165a8df?w=400
8902468013856,PRD-0278,Phone Case MagSafe iPhone 15,Spigen,Mobile Accessories,999,https://images.unsplash.com/photo-1601784551446-20c9e07cdbdb?w=400
8902468013856,PRD-0279,USB-C Fast Charger 65W,Anker,Mobile Accessories,1999,https://images.unsplash.com/photo-1601784551446-20c9e07cdbdb?w=400
8902468013856,PRD-0280,Screen Protector Tempered Glass,Whitestone,Mobile Accessories,799,https://images.unsplash.com/photo-1601784551446-20c9e07cdbdb?w=400
8902468013863,PRD-0281,Selfie Stick Tripod Bluetooth,UBeesize,Mobile Accessories,699,https://images.unsplash.com/photo-1601784551446-20c9e07cdbdb?w=400
8902468013863,PRD-0282,Power Bank 20000mAh 22.5W,Mi,Mobile Accessories,1999,https://images.unsplash.com/photo-1585771724684-38269d6639fd?w=400
8902468013863,PRD-0283,OTG Adapter USB-C to USB-A,Belkin,Mobile Accessories,499,https://images.unsplash.com/photo-1601784551446-20c9e07cdbdb?w=400
8902468013863,PRD-0284,Magnetic Car Mount Vent,iOttie,Mobile Accessories,999,https://images.unsplash.com/photo-1601784551446-20c9e07cdbdb?w=400
8902468013863,PRD-0285,Earphone Wired Type-C,Samsung,Mobile Accessories,999,https://images.unsplash.com/photo-1590658268037-6bf12165a8df?w=400
8902468013863,PRD-0286,Smartwatch Strap 44mm Silicone,Amzer,Mobile Accessories,399,https://images.unsplash.com/photo-1523275335684-37898b6baf30?w=400
8902468013863,PRD-0287,Paneer Fresh 200g,Amul,Dairy & Eggs,89,https://images.unsplash.com/photo-1550583724-b2692b85b150?w=400
8902468013863,PRD-0288,Greek Yogurt Plain 400g,Epigamia,Dairy & Eggs,149,https://images.unsplash.com/photo-1563636619-e9143da7973b?w=400
8902468013863,PRD-0289,Butter Unsalted 500g,Amul,Dairy & Eggs,280,https://images.unsplash.com/photo-1550583724-b2692b85b150?w=400
8902468013863,PRD-0290,Processed Cheese Slices 10pc,Britannia,Dairy & Eggs,180,https://images.unsplash.com/photo-1550583724-b2692b85b150?w=400
8902468013870,PRD-0291,Toned Milk 1L Tetra,Mother Dairy,Dairy & Eggs,65,https://images.unsplash.com/photo-1563636619-e9143da7973b?w=400
8902468013870,PRD-0292,Cream 25% Fat 200ml,Milky Mist,Dairy & Eggs,120,https://images.unsplash.com/photo-1550583724-b2692b85b150?w=400
8902468013870,PRD-0293,Skimmed Milk Powder 500g,Sagar,Dairy & Eggs,299,https://images.unsplash.com/photo-1550583724-b2692b85b150?w=400
8902468013870,PRD-0294,Cheddar Cheese Block 200g,Kraft,Dairy & Eggs,349,https://images.unsplash.com/photo-1550583724-b2692b85b150?w=400
8902468013870,PRD-0295,Flavoured Yogurt Mango 85g,Nestle,Dairy & Eggs,35,https://images.unsplash.com/photo-1563636619-e9143da7973b?w=400
8902468013870,PRD-0296,Condensed Milk 400g,Amul,Dairy & Eggs,185,https://images.unsplash.com/photo-1550583724-b2692b85b150?w=400
8902468013870,PRD-0297,Wi-Fi Router Dual-Band AC1200,TP-Link,Networking,2499,https://images.unsplash.com/photo-1558002038-1055e2dae1d7?w=400
8902468013870,PRD-0298,Mesh Wi-Fi System 3-pack,Google Nest,Networking,19999,https://images.unsplash.com/photo-1558002038-1055e2dae1d7?w=400
8902468013870,PRD-0299,Network Switch 8-port Gigabit,D-Link,Networking,1499,https://images.unsplash.com/photo-1558002038-1055e2dae1d7?w=400
8902468013870,PRD-0300,Ethernet Cable Cat6 10m,Belkin,Networking,499,https://images.unsplash.com/photo-1558002038-1055e2dae1d7?w=400
8902468013887,PRD-0301,Wi-Fi Range Extender AC750,Netgear,Networking,1999,https://images.unsplash.com/photo-1558002038-1055e2dae1d7?w=400
8902468013887,PRD-0302,Powerline Adapter Kit 1000Mbps,TP-Link,Networking,2999,https://images.unsplash.com/photo-1558002038-1055e2dae1d7?w=400
8902468013887,PRD-0303,USB Wi-Fi Dongle AC600,TP-Link,Networking,799,https://images.unsplash.com/photo-1558002038-1055e2dae1d7?w=400
8902468013887,PRD-0304,Network Attached Storage 2-bay,Synology,Networking,19999,https://images.unsplash.com/photo-1558002038-1055e2dae1d7?w=400
8902468013887,PRD-0305,Patch Panel 24-port Cat6,D-Link,Networking,2499,https://images.unsplash.com/photo-1558002038-1055e2dae1d7?w=400
8902468013887,PRD-0306,Wi-Fi 6 Router AX3000,Asus,Networking,6999,https://images.unsplash.com/photo-1558002038-1055e2dae1d7?w=400